,n,q,r,a,u,e,p,name,Winner17,Winner15,q2,r2,nameshort,gain or hold,
E14000530,Aldershot,-3,-11,SE,UKJ,72430,106193,Aldershot,Con,Con,-2.5,-11,Ald,Con hold ,
E14000531,Aldridge-Brownhills,-3,-1,WM,UKG,60215,77532,Aldridge-Brownhills,Con,Con,-2.5,-1,Ald,Con hold ,
E14000532,Altrincham and Sale West,-7,3,NW,UKD,71511,101457,Altrincham and Sale West,Con,Con,-6.5,3,Alt,Con hold ,
E14000533,Amber Valley,0,2,EM,UKF,69510,90132,Amber Valley,Con,Con,0,2,Amb,Con hold ,
E14000534,Arundel and South Downs,0,-15,SE,UKJ,77242,100501,Arundel and South Downs,Con,Con,0.5,-15,Aru,Con hold ,
E14000535,Ashfield,1,2,EM,UKF,77091,106495,Ashfield,Lab,Lab,1,2,Ash,Lab hold ,
E14000536,Ashford,12,-13,SE,UKJ,85177,122178,Ashford,Con,Con,12.5,-13,Ash,Con hold ,
E14000537,Ashton-under-Lyne,-5,6,NW,UKD,68343,92289,Ashton-Under-Lyne,Lab,Lab,-5,6,Ash,Lab hold ,
E14000538,Aylesbury,2,-6,SE,UKJ,80315,121812,Aylesbury,Con,Con,2,-6,Ayl,Con hold ,
E14000539,Banbury,1,-5,SE,UKJ,86420,122939,Banbury,Con,Con,1.5,-5,Ban,Con hold ,
E14000540,Barking,8,-9,LO,UKI,73977,139764,Barking,Lab,Lab,8.5,-9,Bar,Lab hold ,
E14000541,Barnsley Central,-2,6,YH,UKE,64534,90319,Barnsley Central,Lab,Lab,-2,6,Bar,Lab hold ,
E14000542,Barnsley East,-1,6,YH,UKE,69135,94604,Barnsley East,Lab,Lab,-1,6,Bar,Lab hold ,
E14000543,Barrow and Furness,-5,13,NW,UKD,68338,86806,Barrow and Furness,Lab,Lab,-4.5,13,Bar,Lab hold ,
E14000544,Basildon and Billericay,8,-5,EA,UKH,66347,95530,Basildon and Billericay,Con,Con,8.5,-5,Bas,Con hold ,
E14000545,Basingstoke,-3,-10,SE,UKJ,79665,115046,Basingstoke,Con,Con,-3,-10,Bas,Con hold ,
E14000546,Bassetlaw,2,4,EM,UKF,76796,106994,Bassetlaw,Lab,Lab,2,4,Bas,Lab hold ,
E14000547,Bath,-6,-9,SW,UKK,63084,95024,Bath,LD,Con,-5.5,-9,Bat,LD gain from Con,
E14000548,Batley and Spen,-1,8,YH,UKE,78373,111539,Batley and Spen,Lab,Lab,-1,8,Bat,Lab hold ,
E14000549,Battersea,4,-12,LO,UKI,76111,115715,Battersea,Lab,Con,4,-12,Bat,Lab gain from Con,
E14000550,Beaconsfield,-1,-8,SE,UKJ,74726,102421,Beaconsfield,Con,Con,-1,-8,Bea,Con hold ,
E14000551,Beckenham,7,-14,LO,UKI,67439,92767,Beckenham,Con,Con,7,-14,Bec,Con hold ,
E14000552,Bedford,4,-3,EA,only ,69311,106341,Bedford,Lab,Con,4.5,-3,Bed,Lab gain from Con,
E14000553,Bermondsey and Old Southwark,5,-11,LO,UKI,83298,144175,Bermondsey and Old Southwark,Lab,Lab,5.5,-11,Ber,Lab hold ,
E14000554,Berwick-upon-Tweed,-4,17,NE,UKC,56969,75542,Berwick-Upon-Tweed,Con,Con,-3.5,17,Ber,Con hold ,
E14000555,Bethnal Green and Bow,7,-10,LO,UKI,82727,146820,Bethnal Green and Bow,Lab,Lab,7,-10,Bet,Lab hold ,
E14000556,Beverley and Holderness,4,8,YH,UKE,80805,100257,Beverley and Holderness,Con,Con,4,8,Bev,Con hold ,
E14000557,Bexhill and Battle,10,-15,SE,UKJ,78796,104993,Bexhill and Battle,Con,Con,10.5,-15,Bex,Con hold ,
E14000558,Bexleyheath and Crayford,9,-10,LO,UKI,64828,93923,Bexleyheath and Crayford,Con,Con,9,-10,Bex,Con hold ,
E14000559,Birkenhead,-10,2,NW,UKD,62410,90087,Birkenhead,Lab,Lab,-10,2,Bir,Lab hold ,
E14000560,"Birmingham, Edgbaston",-4,-3,WM,UKG,65591,105317,"Birmingham, Edgbaston",Lab,Lab,-3.5,-3,Bir,Lab hold ,
E14000561,"Birmingham, Erdington",-2,-2,WM,UKG,65128,103188,"Birmingham, Erdington",Lab,Lab,-2,-2,Bir,Lab hold ,
E14000562,"Birmingham, Hall Green",-3,-4,WM,UKG,76330,120130,"Birmingham, Hall Green",Lab,Lab,-3,-4,Bir,Lab hold ,
E14000563,"Birmingham, Hodge Hill",-1,-2,WM,UKG,75302,129262,"Birmingham, Hodge Hill",Lab,Lab,-1,-2,Bir,Lab hold ,
E14000564,"Birmingham, Ladywood",-3,-3,WM,UKG,68128,146279,"Birmingham, Ladywood",Lab,Lab,-2.5,-3,Bir,Lab hold ,
E14000565,"Birmingham, Northfield",-4,-4,WM,UKG,71428,103704,"Birmingham, Northfield",Lab,Lab,-4,-4,Bir,Lab hold ,
E14000566,"Birmingham, Perry Barr",-3,-2,WM,UKG,69943,112420,"Birmingham, Perry Barr",Lab,Lab,-3,-2,Bir,Lab hold ,
E14000567,"Birmingham, Selly Oak",-3,-5,WM,UKG,75092,108848,"Birmingham, Selly Oak",Lab,Lab,-2.5,-5,Bir,Lab hold ,
E14000568,"Birmingham, Yardley",-2,-3,WM,UKG,72146,113069,"Birmingham, Yardley",Lab,Lab,-1.5,-3,Bir,Lab hold ,
E14000569,Bishop Auckland,-2,12,NE,UKC,66070,88794,Bishop Auckland,Lab,Lab,-2,12,Bis,Lab hold ,
E14000570,Blackburn,-6,10,NW,UKD,73260,109163,Blackburn,Lab,Lab,-6,10,Bla,Lab hold ,
E14000571,Blackley and Broughton,-6,6,NW,UKD,71913,121759,Blackley and Broughton,Lab,Lab,-6,6,Bla,Lab hold ,
E14000572,Blackpool North and Cleveleys,-6,12,NW,UKD,62468,83152,Blackpool North and Cleveleys,Con,Con,-6,12,Bla,Con hold ,
E14000573,Blackpool South,-8,11,NW,UKD,57411,79725,Blackpool South,Lab,Lab,-7.5,11,Bla,Lab hold ,
E14000574,Blaydon,-3,14,NE,UKC,67901,88273,Blaydon,Lab,Lab,-3,14,Bla,Lab hold ,
E14000575,Blyth Valley,-2,17,NE,UKC,61247,83985,Blyth Valley,Lab,Lab,-1.5,17,Bly,Lab hold ,
E14000576,Bognor Regis and Littlehampton,2,-15,SE,UKJ,72995,106496,Bognor Regis and Littlehampton,Con,Con,2.5,-15,Bog,Con hold ,
E14000577,Bolsover,0,3,EM,UKF,71979,98531,Bolsover,Lab,Lab,0.5,3,Bol,Lab hold ,
E14000578,Bolton North East,-7,7,NW,UKD,67895,97992,Bolton North East,Lab,Lab,-6.5,7,Bol,Lab hold ,
E14000579,Bolton South East,-7,6,NW,UKD,69687,105872,Bolton South East,Lab,Lab,-7,6,Bol,Lab hold ,
E14000580,Bolton West,-8,7,NW,UKD,72719,96124,Bolton West,Con,Con,-7.5,7,Bol,Con hold ,
E14000581,Bootle,-10,7,NW,UKD,70145,99224,Bootle,Lab,Lab,-9.5,7,Boo,Lab hold ,
E14000582,Boston and Skegness,4,5,EM,UKF,67064,106272,Boston and Skegness,Con,Con,4.5,5,Bos,Con hold ,
E14000583,Bosworth,0,-1,EM,UKF,79738,104589,Bosworth,Con,Con,0.5,-1,Bos,Con hold ,
E14000584,Bournemouth East,-8,-13,SW,UKK,72275,107483,Bournemouth East,Con,Con,-7.5,-13,Bou,Con hold ,
E14000585,Bournemouth West,-8,-14,SW,UKK,72082,105394,Bournemouth West,Con,Con,-8,-14,Bou,Con hold ,
E14000586,Bracknell,-2,-10,SE,UKJ,81271,111021,Bracknell,Con,Con,-2,-10,Bra,Con hold ,
E14000587,Bradford East,-2,9,YH,UKE,66121,118123,Bradford East,Lab,Lab,-1.5,9,Bra,Lab hold ,
E14000588,Bradford South,-2,8,YH,UKE,63674,105363,Bradford South,Lab,Lab,-2,8,Bra,Lab hold ,
E14000589,Bradford West,-3,9,YH,UKE,63372,117969,Bradford West,Lab,Lab,-2.5,9,Bra,Lab hold ,
E14000590,Braintree,8,-2,EA,UKH,73557,101121,Braintree,Con,Con,8,-2,Bra,Con hold ,
E14000591,Brent Central,2,-9,LO,UKI,77038,147291,Brent Central,Lab,Lab,2.5,-9,Bre,Lab hold ,
E14000592,Brent North,1,-9,LO,UKI,82196,136376,Brent North,Lab,Lab,1.5,-9,Bre,Lab hold ,
E14000593,Brentford and Isleworth,1,-11,LO,UKI,84602,134768,Brentford and Isleworth,Lab,Lab,1.5,-11,Bre,Lab hold ,
E14000594,Brentwood and Ongar,8,-4,EA,UKH,71918,96486,Brentwood and Ongar,Con,Con,8,-4,Bre,Con hold ,
E14000595,Bridgwater and West Somerset,-11,-12,SW,UKK,80491,113002,Bridgwater and West Somerset,Con,Con,-11,-12,Bri,Con hold ,
E14000596,Brigg and Goole,1,7,YH,UKE,68488,88452,Brigg and Goole,Con,Con,1.5,7,Bri,Con hold ,
E14000597,"Brighton, Kemptown",7,-15,SE,UKJ,67858,95938,"Brighton, Kemptown",Lab,Con,7.5,-15,Bri,Lab gain from Con,
E14000598,"Brighton, Pavilion",6,-15,SE,UKJ,76557,112196,"Brighton, Pavilion",Green,Green,6.5,-15,Bri,Green hold ,
E14000599,Bristol East,-7,-9,SW,UKK,71193,100828,Bristol East,Lab,Lab,-6.5,-9,Bri,Lab hold ,
E14000600,Bristol North West,-8,-9,SW,UKK,74743,106013,Bristol North West,Lab,Con,-7.5,-9,Bri,Lab gain from Con,
E14000601,Bristol South,-7,-10,SW,UKK,81496,113526,Bristol South,Lab,Lab,-7,-10,Bri,Lab hold ,
E14000602,Bristol West,-8,-10,SW,UKK,91236,138885,Bristol West,Lab,Lab,-8,-10,Bri,Lab hold ,
E14000603,Broadland,7,2,EA,UKH,73552,98565,Broadland,Con,Con,7,2,Bro,Con hold ,
E14000604,Bromley and Chislehurst,8,-13,LO,UKI,65477,95597,Bromley and Chislehurst,Con,Con,8.5,-13,Bro,Con hold ,
E14000605,Bromsgrove,-4,-5,WM,UKG,73337,97594,Bromsgrove,Con,Con,-3.5,-5,Bro,Con hold ,
E14000606,Broxbourne,8,-6,EA,UKH,72944,102167,Broxbourne,Con,Con,8,-6,Bro,Con hold ,
E14000607,Broxtowe,0,1,EM,UKF,71764,97540,Broxtowe,Con,Con,0.5,1,Bro,Con hold ,
E14000608,Buckingham,2,-5,SE,UKJ,77425,104977,Buckingham,Spk,Con,2.5,-5,Buc,Spk gain from Con,
E14000609,Burnley,-4,10,NW,UKD,64477,87705,Burnley,Lab,Lab,-4,10,Bur,Lab hold ,
E14000610,Burton,-3,1,WM,UKG,75248,106400,Burton,Con,Con,-2.5,1,Bur,Con hold ,
E14000611,Bury North,-6,9,NW,UKD,67580,89662,Bury North,Lab,Con,-5.5,9,Bur,Lab gain from Con,
E14000612,Bury South,-6,8,NW,UKD,73883,99966,Bury South,Lab,Lab,-6,8,Bur,Lab hold ,
E14000613,Bury St Edmunds,9,-2,EA,UKH,85982,117735,Bury St Edmunds,Con,Con,9,-2,Bur,Con hold ,
E14000614,Calder Valley,-4,9,YH,UKE,77754,104805,Calder Valley,Con,Con,-3.5,9,Cal,Con hold ,
E14000615,Camberwell and Peckham,6,-12,LO,UKI,82746,131739,Camberwell and Peckham,Lab,Lab,6,-12,Cam,Lab hold ,
E14000616,Camborne and Redruth,-15,-17,SW,UKK,66944,91485,Camborne and Redruth,Con,Con,-14.5,-17,Cam,Con hold ,
E14000617,Cambridge,6,-1,EA,UKH,83384,115902,Cambridge,Lab,Lab,6.5,-1,Cam,Lab hold ,
E14000618,Cannock Chase,-4,-1,WM,UKG,74532,99126,Cannock Chase,Con,Con,-3.5,-1,Can,Con hold ,
E14000619,Canterbury,12,-12,SE,UKJ,81341,119757,Canterbury,Lab,Con,12,-12,Can,Lab gain from Con,
E14000620,Carlisle,-4,14,NW,UKD,65827,86429,Carlisle,Con,Con,-4,14,Car,Con hold ,
E14000621,Carshalton and Wallington,4,-14,LO,UKI,69981,101780,Carshalton and Wallington,LD,LD,4,-14,Car,LD hold ,
E14000622,Castle Point,10,-7,EA,UKH,68170,89814,Castle Point,Con,Con,10.5,-7,Cas,Con hold ,
E14000623,Central Devon,-13,-13,SW,UKK,72737,93250,Central Devon,Con,Con,-12.5,-13,Cen,Con hold ,
E14000624,Central Suffolk and North Ipswich,10,0,EA,UKH,76666,101581,Central Suffolk and North Ipswich,Con,Con,10,0,Cen,Con hold ,
E14000625,Charnwood,3,0,EM,UKF,77269,101581,Charnwood,Con,Con,3,0,Cha,Con hold ,
E14000626,Chatham and Aylesford,10,-11,SE,UKJ,66355,101469,Chatham and Aylesford,Con,Con,10.5,-11,Cha,Con hold ,
E14000627,Cheadle,-5,3,NW,UKD,73239,93422,Cheadle,Con,Con,-4.5,3,Che,Con hold ,
E14000628,Chelmsford,9,-4,EA,UKH,78580,111032,Chelmsford,Con,Con,9,-4,Che,Con hold ,
E14000629,Chelsea and Fulham,2,-11,LO,UKI,63478,107789,Chelsea and Fulham,Con,Con,2.5,-11,Che,Con hold ,
E14000630,Cheltenham,-7,-7,SW,UKK,77287,106352,Cheltenham,Con,Con,-6.5,-7,Che,Con hold ,
E14000631,Chesham and Amersham,0,-7,SE,UKJ,72547,95355,Chesham and Amersham,Con,Con,0.5,-7,Che,Con hold ,
E14000632,Chesterfield,-1,3,EM,UKF,71625,94140,Chesterfield,Lab,Lab,-0.5,3,Che,Lab hold ,
E14000633,Chichester,-1,-15,SE,UKJ,83396,110722,Chichester,Con,Con,-0.5,-15,Chi,Con hold ,
E14000634,Chingford and Woodford Green,6,-6,LO,UKI,66680,94571,Chingford and Woodford Green,Con,Con,6,-6,Chi,Con hold ,
E14000635,Chippenham,-5,-9,SW,UKK,74218,99897,Chippenham,Con,Con,-4.5,-9,Chi,Con hold ,
E14000636,Chipping Barnet,3,-7,LO,UKI,77807,118408,Chipping Barnet,Con,Con,3.5,-7,Chi,Con hold ,
E14000637,Chorley,-7,9,NW,UKD,74679,102715,Chorley,Lab,Lab,-6.5,9,Cho,Lab hold ,
E14000638,Christchurch,-7,-13,SW,UKK,69303,86089,Christchurch,Con,Con,-6.5,-13,Chr,Con hold ,
E14000639,Cities of London and Westminster,4,-11,LO,UKI,60992,122923,Cities Of London and Westminster,Con,Con,4.5,-11,Cit,Con hold ,
E14000640,City of Chester,-8,1,NW,UKD,74485,96364,City Of Chester,Lab,Lab,-7.5,1,Cit,Lab hold ,
E14000641,City of Durham,-2,13,NE,UKC,68725,100372,City Of Durham,Lab,Lab,-1.5,13,Cit,Lab hold ,
E14000642,Clacton,10,-3,EA,UKH,68936,89901,Clacton,Con,UKIP,10.5,-3,Cla,Con gain from UKIP,
E14000643,Cleethorpes,2,7,YH,UKE,71008,94333,Cleethorpes,Con,Con,2.5,7,Cle,Con hold ,
E14000644,Colchester,9,-3,EA,UKH,74204,122387,Colchester,Con,Con,9.5,-3,Col,Con hold ,
E14000645,Colne Valley,-4,7,YH,UKE,82516,111717,Colne Valley,Lab,Con,-3.5,7,Col,Lab gain from Con,
E14000646,Congleton,-5,2,NW,UKD,72503,94744,Congleton,Con,Con,-5,2,Con,Con hold ,
E14000647,Copeland,-6,13,NW,UKD,62087,78684,Copeland,Con,Lab,-5.5,13,Cop,Con gain from Lab,
E14000648,Corby,4,1,EM,UKF,79775,121295,Corby,Con,Con,4.5,1,Cor,Con hold ,
E14000649,Coventry North East,-1,-3,WM,UKG,75462,124974,Coventry North East,Lab,Lab,-0.5,-3,Cov,Lab hold ,
E14000650,Coventry North West,-1,-4,WM,UKG,73626,112177,Coventry North West,Lab,Lab,-1,-4,Cov,Lab hold ,
E14000651,Coventry South,0,-4,WM,UKG,70397,122998,Coventry South,Lab,Lab,0,-4,Cov,Lab hold ,
E14000652,Crawley,1,-14,SE,UKJ,73936,111664,Crawley,Con,Con,1,-14,Cra,Con hold ,
E14000653,Crewe and Nantwich,-6,1,NW,UKD,74169,110128,Crewe and Nantwich,Lab,Con,-5.5,1,Cre,Lab gain from Con,
E14000654,Croydon Central,6,-14,LO,UKI,78171,121087,Croydon Central,Lab,Con,6,-14,Cro,Lab gain from Con,
E14000655,Croydon North,6,-13,LO,UKI,85941,146065,Croydon North,Lab,Lab,6.5,-13,Cro,Lab hold ,
E14000656,Croydon South,5,-14,LO,UKI,82010,117685,Croydon South,Con,Con,5,-14,Cro,Con hold ,
E14000657,Dagenham and Rainham,9,-8,LO,UKI,69128,112045,Dagenham and Rainham,Lab,Lab,9,-8,Dag,Lab hold ,
E14000658,Darlington,-1,12,NE,UKC,65851,91768,Darlington,Lab,Lab,-1,12,Dar,Lab hold ,
E14000659,Dartford,9,-11,SE,UKJ,75209,113576,Dartford,Con,Con,9.5,-11,Dar,Con hold ,
E14000660,Daventry,1,-3,EM,UKF,72873,99130,Daventry,Con,Con,1.5,-3,Dav,Con hold ,
E14000661,Denton and Reddish,-4,5,NW,UKD,66141,86628,Denton and Reddish,Lab,Lab,-3.5,5,Den,Lab hold ,
E14000662,Derby North,-1,2,EM,UKF,69794,102733,Derby North,Lab,Con,-1,2,Der,Lab gain from Con,
E14000663,Derby South,-1,1,EM,UKF,70240,115414,Derby South,Lab,Lab,-0.5,1,Der,Lab hold ,
E14000664,Derbyshire Dales,-3,3,EM,UKF,63476,79872,Derbyshire Dales,Con,Con,-2.5,3,Der,Con hold ,
E14000665,Devizes,-5,-10,SW,UKK,69205,102273,Devizes,Con,Con,-5,-10,Dev,Con hold ,
E14000666,Dewsbury,-2,7,YH,UKE,79770,113692,Dewsbury,Lab,Lab,-1.5,7,Dew,Lab hold ,
E14000667,Don Valley,1,5,YH,UKE,71299,100175,Don Valley,Lab,Lab,1.5,5,Don,Lab hold ,
E14000668,Doncaster Central,1,6,YH,UKE,71136,110064,Doncaster Central,Lab,Lab,1,6,Don,Lab hold ,
E14000669,Doncaster North,0,6,YH,UKE,70989,98701,Doncaster North,Lab,Lab,0,6,Don,Lab hold ,
E14000670,Dover,13,-12,SE,UKJ,72930,101535,Dover,Con,Con,13,-12,Dov,Con hold ,
E14000671,Dudley North,-7,-3,WM,UKG,60717,84817,Dudley North,Lab,Lab,-6.5,-3,Dud,Lab hold ,
E14000672,Dudley South,-6,-4,WM,UKG,60363,81197,Dudley South,Con,Con,-6,-4,Dud,Con hold ,
E14000673,Dulwich and West Norwood,5,-13,LO,UKI,76575,116035,Dulwich and West Norwood,Lab,Lab,5.5,-13,Dul,Lab hold ,
E14000674,Ealing Central and Acton,1,-10,LO,UKI,71422,122419,Ealing Central and Acton,Lab,Lab,1,-10,Eal,Lab hold ,
E14000675,Ealing North,0,-9,LO,UKI,73881,121080,Ealing North,Lab,Lab,0.5,-9,Eal,Lab hold ,
E14000676,"Ealing, Southall",0,-10,LO,UKI,65606,99237,"Ealing, Southall",Lab,Lab,0,-10,Eal,Lab hold ,
E14000677,Easington,0,14,NE,UKC,61659,82631,Easington,Lab,Lab,0,14,Eas,Lab hold ,
E14000678,East Devon,-11,-14,SW,UKK,76519,104193,East Devon,Con,Con,-11,-14,Eas,Con hold ,
E14000679,East Ham,7,-9,LO,UKI,87382,162796,East Ham,Lab,Lab,7.5,-9,Eas,Lab hold ,
E14000680,East Hampshire,-3,-12,SE,UKJ,71074,98009,East Hampshire,Con,Con,-3,-12,Eas,Con hold ,
E14000681,East Surrey,9,-14,SE,UKJ,79654,111878,East Surrey,Con,Con,9,-14,Eas,Con hold ,
E14000682,East Worthing and Shoreham,4,-15,SE,UKJ,74775,99758,East Worthing and Shoreham,Con,Con,4.5,-15,Eas,Con hold ,
E14000683,East Yorkshire,3,10,YH,UKE,81023,101516,East Yorkshire,Con,Con,3,10,Eas,Con hold ,
E14000684,Eastbourne,9,-15,SE,UKJ,78262,110809,Eastbourne,LD,Con,9.5,-15,Eas,LD gain from Con,
E14000685,Eastleigh,-4,-12,SE,UKJ,79609,108865,Eastleigh,Con,Con,-4,-12,Eas,Con hold ,
E14000686,Eddisbury,-7,1,NW,UKD,68569,89467,Eddisbury,Con,Con,-6.5,1,Edd,Con hold ,
E14000687,Edmonton,5,-7,LO,UKI,66016,120266,Edmonton,Lab,Lab,5.5,-7,Edm,Lab hold ,
E14000688,Ellesmere Port and Neston,-9,1,NW,UKD,69223,87285,Ellesmere Port and Neston,Lab,Lab,-8.5,1,Ell,Lab hold ,
E14000689,Elmet and Rothwell,2,10,YH,UKE,79143,100292,Elmet and Rothwell,Con,Con,2,10,Elm,Con hold ,
E14000690,Eltham,8,-12,LO,UKI,63998,95175,Eltham,Lab,Lab,8,-12,Elt,Lab hold ,
E14000691,Enfield North,5,-6,LO,UKI,68118,109930,Enfield North,Lab,Lab,5,-6,Enf,Lab hold ,
E14000692,"Enfield, Southgate",4,-6,LO,UKI,64937,102509,"Enfield, Southgate",Lab,Con,4,-6,Enf,Lab gain from Con,
E14000693,Epping Forest,9,-6,EA,UKH,73447,100102,Epping Forest,Con,Con,9,-6,Epp,Con hold ,
E14000694,Epsom and Ewell,1,-13,SE,UKJ,78633,109981,Epsom and Ewell,Con,Con,1.5,-13,Eps,Con hold ,
E14000695,Erewash,1,0,EM,UKF,71943,97103,Erewash,Con,Con,1,0,Ere,Con hold ,
E14000696,Erith and Thamesmead,8,-11,LO,UKI,70397,121265,Erith and Thamesmead,Lab,Lab,8.5,-11,Eri,Lab hold ,
E14000697,Esher and Walton,-1,-13,SE,UKJ,79894,114285,Esher and Walton,Con,Con,-0.5,-13,Esh,Con hold ,
E14000698,Exeter,-12,-13,SW,UKK,76968,114569,Exeter,Lab,Lab,-11.5,-13,Exe,Lab hold ,
E14000699,Fareham,-4,-14,SE,UKJ,77114,101851,Fareham,Con,Con,-4,-14,Far,Con hold ,
E14000700,Faversham and Mid Kent,12,-11,SE,UKJ,69523,97954,Faversham and Mid Kent,Con,Con,12.5,-11,Fav,Con hold ,
E14000701,Feltham and Heston,0,-11,LO,UKI,82340,134332,Feltham and Heston,Lab,Lab,0.5,-11,Fel,Lab hold ,
E14000702,Filton and Bradley Stoke,-8,-8,SW,UKK,71310,101349,Filton and Bradley Stoke,Con,Con,-8,-8,Fil,Con hold ,
E14000703,Finchley and Golders Green,3,-8,LO,UKI,72530,130507,Finchley and Golders Green,Con,Con,3,-8,Fin,Con hold ,
E14000704,Folkestone and Hythe,12,-14,SE,UKJ,83651,116776,Folkestone and Hythe,Con,Con,12,-14,Fol,Con hold ,
E14000705,Forest of Dean,-7,-6,SW,UKK,69865,90237,Forest Of Dean,Con,Con,-7,-6,For,Con hold ,
E14000706,Fylde,-7,10,NW,UKD,65679,84814,Fylde,Con,Con,-7,10,Fyl,Con hold ,
E14000707,Gainsborough,2,5,EM,UKF,74686,96951,Gainsborough,Con,Con,2.5,5,Gai,Con hold ,
E14000708,Garston and Halewood,-9,3,NW,UKD,73719,99510,Garston and Halewood,Lab,Lab,-8.5,3,Gar,Lab hold ,
E14000709,Gateshead,-3,15,NE,UKC,64524,97101,Gateshead,Lab,Lab,-2.5,15,Gat,Lab hold ,
E14000710,Gedling,3,2,EM,UKF,70000,94780,Gedling,Lab,Lab,3,2,Ged,Lab hold ,
E14000711,Gillingham and Rainham,11,-11,SE,UKJ,70984,103079,Gillingham and Rainham,Con,Con,11.5,-11,Gil,Con hold ,
E14000712,Gloucester,-7,-8,SW,UKK,82968,119713,Gloucester,Con,Con,-7,-8,Glo,Con hold ,
E14000713,Gosport,-3,-14,SE,UKJ,73268,99877,Gosport,Con,Con,-3,-14,Gos,Con hold ,
E14000714,Grantham and Stamford,3,3,EM,UKF,81150,111163,Grantham and Stamford,Con,Con,3.5,3,Gra,Con hold ,
E14000715,Gravesham,10,-10,SE,UKJ,72043,106121,Gravesham,Con,Con,10,-10,Gra,Con hold ,
E14000716,Great Grimsby,3,6,YH,UKE,59200,88500,Great Grimsby,Lab,Lab,3,6,Gre,Lab hold ,
E14000717,Great Yarmouth,8,2,EA,UKH,69793,99417,Great Yarmouth,Con,Con,8,2,Gre,Con hold ,
E14000718,Greenwich and Woolwich,7,-11,LO,UKI,73315,129210,Greenwich and Woolwich,Lab,Lab,7.5,-11,Gre,Lab hold ,
E14000719,Guildford,-2,-13,SE,UKJ,75733,114435,Guildford,Con,Con,-1.5,-13,Gui,Con hold ,
E14000720,Hackney North and Stoke Newington,5,-9,LO,UKI,88153,141379,Hackney North and Stoke Newington,Lab,Lab,5.5,-9,Hac,Lab hold ,
E14000721,Hackney South and Shoreditch,6,-10,LO,UKI,84971,134550,Hackney South and Shoreditch,Lab,Lab,6,-10,Hac,Lab hold ,
E14000722,Halesowen and Rowley Regis,-6,-3,WM,UKG,66048,89126,Halesowen and Rowley Regis,Con,Con,-5.5,-3,Hal,Con hold ,
E14000723,Halifax,-3,8,YH,UKE,70462,104649,Halifax,Lab,Lab,-3,8,Hal,Lab hold ,
E14000724,Haltemprice and Howden,2,9,YH,UKE,71195,89510,Haltemprice and Howden,Con,Con,2.5,9,Hal,Con hold ,
E14000725,Halton,-8,2,NW,UKD,72818,97326,Halton,Lab,Lab,-8,2,Hal,Lab hold ,
E14000726,Hammersmith,2,-10,LO,UKI,72254,117504,Hammersmith,Lab,Lab,2,-10,Ham,Lab hold ,
E14000727,Hampstead and Kilburn,3,-9,LO,UKI,80195,144586,Hampstead and Kilburn,Lab,Lab,3.5,-9,Ham,Lab hold ,
E14000728,Harborough,3,-1,EM,UKF,77760,106126,Harborough,Con,Con,3.5,-1,Har,Con hold ,
E14000729,Harlow,8,-3,EA,UKH,67994,96754,Harlow,Con,Con,8.5,-3,Har,Con hold ,
E14000730,Harrogate and Knaresborough,-2,11,YH,UKE,76408,103322,Harrogate and Knaresborough,Con,Con,-1.5,11,Har,Con hold ,
E14000731,Harrow East,2,-8,LO,UKI,70981,108089,Harrow East,Con,Con,2,-8,Har,Con hold ,
E14000732,Harrow West,1,-8,LO,UKI,69644,108963,Harrow West,Lab,Lab,1,-8,Har,Lab hold ,
E14000733,Hartlepool,1,14,NE,UKC,69947,93019,Hartlepool,Lab,Lab,1,14,Har,Lab hold ,
E14000734,Harwich and North Essex,10,-2,EA,UKH,69290,95282,Harwich and North Essex,Con,Con,10,-2,Har,Con hold ,
E14000735,Hastings and Rye,11,-14,SE,UKJ,75095,111779,Hastings and Rye,Con,Con,11,-14,Has,Con hold ,
E14000736,Havant,-1,-14,SE,UKJ,70573,95381,Havant,Con,Con,-1,-14,Hav,Con hold ,
E14000737,Hayes and Harlington,-1,-9,LO,UKI,74874,126503,Hayes and Harlington,Lab,Lab,-0.5,-9,Hay,Lab hold ,
E14000738,Hazel Grove,-4,4,NW,UKD,63098,80374,Hazel Grove,Con,Con,-4,4,Haz,Con hold ,
E14000739,Hemel Hempstead,5,-5,EA,UKH,74616,106080,Hemel Hempstead,Con,Con,5.5,-5,Hem,Con hold ,
E14000740,Hemsworth,0,7,YH,UKE,72714,98041,Hemsworth,Lab,Lab,0.5,7,Hem,Lab hold ,
E14000741,Hendon,2,-7,LO,UKI,75285,138888,Hendon,Con,Con,2.5,-7,Hen,Con hold ,
E14000742,Henley,1,-6,SE,UKJ,77946,99228,Henley,Con,Con,1,-6,Hen,Con hold ,
E14000743,Hereford and South Herefordshire,-7,-5,WM,UKG,71485,101437,Hereford and South Herefordshire,Con,Con,-6.5,-5,Her,Con hold ,
E14000744,Hertford and Stortford,7,-3,EA,UKH,80610,113894,Hertford and Stortford,Con,Con,7.5,-3,Her,Con hold ,
E14000745,Hertsmere,7,-5,EA,UKH,73767,104031,Hertsmere,Con,Con,7.5,-5,Her,Con hold ,
E14000746,Hexham,-4,16,NE,UKC,59708,77272,Hexham,Con,Con,-4,16,Hex,Con hold ,
E14000747,Heywood and Middleton,-5,8,NW,UKD,79989,106600,Heywood and Middleton,Lab,Lab,-5,8,Hey,Lab hold ,
E14000748,High Peak,-3,4,EM,UKF,73336,92063,High Peak,Lab,Con,-3,4,Hig,Lab gain from Con,
E14000749,Hitchin and Harpenden,5,-3,EA,UKH,80333,103624,Hitchin and Harpenden,Con,Con,5.5,-3,Hit,Con hold ,
E14000750,Holborn and St Pancras,4,-10,LO,UKI,86764,154210,Holborn and St Pancras,Lab,Lab,4,-10,Hol,Lab hold ,
E14000751,Hornchurch and Upminster,8,-8,LO,UKI,79331,110402,Hornchurch and Upminster,Con,Con,8,-8,Hor,Con hold ,
E14000752,Hornsey and Wood Green,4,-7,LO,UKI,79247,128655,Hornsey and Wood Green,Lab,Lab,4.5,-7,Hor,Lab hold ,
E14000753,Horsham,1,-15,SE,UKJ,79085,111853,Horsham,Con,Con,1.5,-15,Hor,Con hold ,
E14000754,Houghton and Sunderland South,-1,14,NE,UKC,68324,87575,Houghton and Sunderland South,Lab,Lab,-1,14,Hou,Lab hold ,
E14000755,Hove,5,-15,SE,UKJ,73505,103177,Hove,Lab,Lab,5.5,-15,Hov,Lab hold ,
E14000756,Huddersfield,-3,7,YH,UKE,65269,100197,Huddersfield,Lab,Lab,-2.5,7,Hud,Lab hold ,
E14000757,Huntingdon,5,-2,EA,UKH,82593,119679,Huntingdon,Con,Con,5,-2,Hun,Con hold ,
E14000758,Hyndburn,-5,10,NW,UKD,68341,92364,Hyndburn,Lab,Lab,-5,10,Hyn,Lab hold ,
E14000759,Ilford North,6,-7,LO,UKI,75294,109618,Ilford North,Lab,Lab,6.5,-7,Ilf,Lab hold ,
E14000760,Ilford South,7,-8,LO,UKI,91987,144360,Ilford South,Lab,Lab,7,-8,Ilf,Lab hold ,
E14000761,Ipswich,9,-1,EA,UKH,74499,114348,Ipswich,Lab,Con,9.5,-1,Ips,Lab gain from Con,
E14000762,Isle of Wight,-6,-15,SE,UKJ,108804,140984,Isle Of Wight,Con,Con,-5.5,-15,Isl,Con hold ,
E14000763,Islington North,4,-9,LO,UKI,73326,116074,Islington North,Lab,Lab,4.5,-9,Isl,Lab hold ,
E14000764,Islington South and Finsbury,5,-10,LO,UKI,68127,118926,Islington South and Finsbury,Lab,Lab,5,-10,Isl,Lab hold ,
E14000765,Jarrow,-1,15,NE,UKC,64002,82979,Jarrow,Lab,Lab,-0.5,15,Jar,Lab hold ,
E14000766,Keighley,-3,10,YH,UKE,68865,97371,Keighley,Lab,Con,-3,10,Kei,Lab gain from Con,
E14000767,Kenilworth and Southam,1,-4,WM,UKG,63957,83252,Kenilworth and Southam,Con,Con,1,-4,Ken,Con hold ,
E14000768,Kensington,3,-10,LO,UKI,61133,113446,Kensington,Lab,Con,3,-10,Ken,Lab gain from Con,
E14000769,Kettering,4,0,EM,UKF,70155,100252,Kettering,Con,Con,4,0,Ket,Con hold ,
E14000770,Kingston and Surbiton,0,-13,LO,UKI,81238,127264,Kingston and Surbiton,LD,Con,0.5,-13,Kin,LD gain from Con,
E14000771,Kingston upon Hull East,3,7,YH,UKE,65710,90986,Kingston upon Hull East,Lab,Lab,3.5,7,Kin,Lab hold ,
E14000772,Kingston upon Hull North,3,9,YH,UKE,64148,97969,Kingston upon Hull North,Lab,Lab,3.5,9,Kin,Lab hold ,
E14000773,Kingston upon Hull West and Hessle,3,8,YH,UKE,59100,86690,Kingston upon Hull West and Hessle,Lab,Lab,3,8,Kin,Lab hold ,
E14000774,Kingswood,-6,-8,SW,UKK,68193,91234,Kingswood,Con,Con,-6,-8,Kin,Con hold ,
E14000775,Knowsley,-9,6,NW,UKD,79108,105786,Knowsley,Lab,Lab,-9,6,Kno,Lab hold ,
E14000776,Lancaster and Fleetwood,-4,12,NW,UKD,61922,90139,Lancaster and Fleetwood,Lab,Lab,-4,12,Lan,Lab hold ,
E14000777,Leeds Central,0,9,YH,UKE,81799,152847,Leeds Central,Lab,Lab,0.5,9,Lee,Lab hold ,
E14000778,Leeds East,1,9,YH,UKE,64754,99969,Leeds East,Lab,Lab,1.5,9,Lee,Lab hold ,
E14000779,Leeds North East,1,10,YH,UKE,69097,92604,Leeds North East,Lab,Lab,1,10,Lee,Lab hold ,
E14000780,Leeds North West,0,10,YH,UKE,61974,86016,Leeds North West,Lab,LD,0,10,Lee,Lab gain from LD,
E14000781,Leeds West,-1,9,YH,UKE,64950,94030,Leeds West,Lab,Lab,-0.5,9,Lee,Lab hold ,
E14000782,Leicester East,2,-1,EM,UKF,75430,116911,Leicester East,Lab,Lab,2.5,-1,Lei,Lab hold ,
E14000783,Leicester South,2,-2,EM,UKF,73518,127672,Leicester South,Lab,Lab,2,-2,Lei,Lab hold ,
E14000784,Leicester West,1,-1,EM,UKF,63204,108957,Leicester West,Lab,Lab,1.5,-1,Lei,Lab hold ,
E14000785,Leigh,-8,6,NW,UKD,75905,104932,Leigh,Lab,Lab,-8,6,Lei,Lab hold ,
E14000786,Lewes,8,-15,SE,UKJ,69481,92793,Lewes,Con,Con,8.5,-15,Lew,Con hold ,
E14000787,Lewisham East,7,-13,LO,UKI,66913,110260,Lewisham East,Lab,Lab,7.5,-13,Lew,Lab hold ,
E14000788,Lewisham West and Penge,7,-12,LO,UKI,72290,114967,Lewisham West and Penge,Lab,Lab,7,-12,Lew,Lab hold ,
E14000789,"Lewisham, Deptford",6,-11,LO,UKI,73428,125190,"Lewisham, Deptford",Lab,Lab,6.5,-11,Lew,Lab hold ,
E14000790,Leyton and Wanstead,6,-8,LO,UKI,64580,110795,Leyton and Wanstead,Lab,Lab,6,-8,Ley,Lab hold ,
E14000791,Lichfield,-2,0,WM,UKG,74234,95785,Lichfield,Con,Con,-2,0,Lic,Con hold ,
E14000792,Lincoln,3,5,EM,UKF,74121,111942,Lincoln,Lab,Con,3.5,5,Lin,Lab gain from Con,
E14000793,"Liverpool, Riverside",-10,4,NW,UKD,70829,131888,"Liverpool, Riverside",Lab,Lab,-10,4,Liv,Lab hold ,
E14000794,"Liverpool, Walton",-10,6,NW,UKD,61908,92439,"Liverpool, Walton",Lab,Lab,-10,6,Liv,Lab hold ,
E14000795,"Liverpool, Wavertree",-10,3,NW,UKD,61549,95210,"Liverpool, Wavertree",Lab,Lab,-9.5,3,Liv,Lab hold ,
E14000796,"Liverpool, West Derby",-10,5,NW,UKD,63651,93045,"Liverpool, West Derby",Lab,Lab,-9.5,5,Liv,Lab hold ,
E14000797,Loughborough,2,0,EM,UKF,75217,107916,Loughborough,Con,Con,2,0,Lou,Con hold ,
E14000798,Louth and Horncastle,4,6,EM,UKF,74870,99323,Louth and Horncastle,Con,Con,4,6,Lou,Con hold ,
E14000799,Ludlow,-8,-2,WM,UKG,66374,86265,Ludlow,Con,Con,-8,-2,Lud,Con hold ,
E14000800,Luton North,5,-4,EA,UKH,67329,101258,Luton North,Lab,Lab,5,-4,Lut,Lab hold ,
E14000801,Luton South,4,-5,EA,UKH,67741,119759,Luton South,Lab,Lab,4.5,-5,Lut,Lab hold ,
E14000802,Macclesfield,-4,3,NW,UKD,71712,93692,Macclesfield,Con,Con,-3.5,3,Mac,Con hold ,
E14000803,Maidenhead,-2,-7,SE,UKJ,74187,106307,Maidenhead,Con,Con,-1.5,-7,Mai,Con hold ,
E14000804,Maidstone and The Weald,11,-12,SE,UKJ,73181,108642,Maidstone and The Weald,Con,Con,11,-12,Mai,Con hold ,
E14000805,Makerfield,-9,7,NW,UKD,74320,100385,Makerfield,Lab,Lab,-8.5,7,Mak,Lab hold ,
E14000806,Maldon,11,-4,EA,UKH,69066,91364,Maldon,Con,Con,11,-4,Mal,Con hold ,
E14000807,Manchester Central,-6,5,NW,UKD,86078,158529,Manchester Central,Lab,Lab,-5.5,5,Man,Lab hold ,
E14000808,"Manchester, Gorton",-5,5,NW,UKD,72992,119476,"Manchester, Gorton",Lab,Lab,-4.5,5,Man,Lab hold ,
E14000809,"Manchester, Withington",-6,4,NW,UKD,74102,100773,"Manchester, Withington",Lab,Lab,-6,4,Man,Lab hold ,
E14000810,Mansfield,1,3,EM,UKF,77534,108576,Mansfield,Con,Lab,1.5,3,Man,Con gain from Lab,
E14000811,Meon Valley,-4,-13,SE,UKJ,72738,94535,Meon Valley,Con,Con,-3.5,-13,Meo,Con hold ,
E14000812,Meriden,-2,-5,WM,UKG,81928,111675,Meriden,Con,Con,-1.5,-5,Mer,Con hold ,
E14000813,Mid Bedfordshire,4,-4,EA,UKH,78501,110736,Mid Bedfordshire,Con,Con,4,-4,Mid,Con hold ,
E14000814,Mid Derbyshire,-2,2,EM,UKF,67477,84841,Mid Derbyshire,Con,Con,-2,2,Mid,Con hold ,
E14000815,Mid Dorset and North Poole,-8,-12,SW,UKK,64299,82737,Mid Dorset and North Poole,Con,Con,-8,-12,Mid,Con hold ,
E14000816,Mid Norfolk,6,1,EA,UKH,77154,105925,Mid Norfolk,Con,Con,6.5,1,Mid,Con hold ,
E14000817,Mid Sussex,10,-14,SE,UKJ,81034,112448,Mid Sussex,Con,Con,10,-14,Mid,Con hold ,
E14000818,Mid Worcestershire,-5,-5,WM,UKG,73069,101762,Mid Worcestershire,Con,Con,-4.5,-5,Mid,Con hold ,
E14000819,Middlesbrough,1,12,NE,UKC,61873,95892,Middlesbrough,Lab,Lab,1,12,Mid,Lab hold ,
E14000820,Middlesbrough South and East Cleveland,2,12,NE,UKC,71154,93537,Middlesbrough South and East Cleveland,Con,Lab,2,12,Mid,Con gain from Lab,
E14000821,Milton Keynes North,3,-3,SE,UKJ,86826,132573,Milton Keynes North,Con,Con,3.5,-3,Mil,Con hold ,
E14000822,Milton Keynes South,3,-4,SE,UKJ,89656,134948,Milton Keynes South,Con,Con,3,-4,Mil,Con hold ,
E14000823,Mitcham and Morden,3,-14,LO,UKI,68474,106832,Mitcham and Morden,Lab,Lab,3,-14,Mit,Lab hold ,
E14000824,Mole Valley,0,-14,SE,UKJ,74038,97219,Mole Valley,Con,Con,0,-14,Mol,Con hold ,
E14000825,Morecambe and Lunesdale,-5,12,NW,UKD,66985,89064,Morecambe and Lunesdale,Con,Con,-5,12,Mor,Con hold ,
E14000826,Morley and Outwood,0,8,YH,UKE,75820,98496,Morley and Outwood,Con,Con,0,8,Mor,Con hold ,
E14000827,New Forest East,-6,-13,SE,UKJ,72697,93713,New Forest East,Con,Con,-5.5,-13,New,Con hold ,
E14000828,New Forest West,-6,-12,SE,UKJ,68446,85877,New Forest West,Con,Con,-6,-12,New,Con hold ,
E14000829,Newark,3,4,EM,UKF,73747,104522,Newark,Con,Con,3,4,New,Con hold ,
E14000830,Newbury,-4,-7,SE,UKJ,79512,111848,Newbury,Con,Con,-3.5,-7,New,Con hold ,
E14000831,Newcastle upon Tyne Central,-4,15,NE,UKC,58147,102253,Newcastle Upon Tyne Central,Lab,Lab,-3.5,15,New,Lab hold ,
E14000832,Newcastle upon Tyne East,-2,16,NE,UKC,64243,101547,Newcastle Upon Tyne East,Lab,Lab,-2,16,New,Lab hold ,
E14000833,Newcastle upon Tyne North,-3,16,NE,UKC,67902,92042,Newcastle Upon Tyne North,Lab,Lab,-3,16,New,Lab hold ,
E14000834,Newcastle-under-Lyme,-5,1,WM,UKG,67619,94194,Newcastle-Under-Lyme,Lab,Lab,-4.5,1,New,Lab hold ,
E14000835,Newton Abbot,-12,-14,SW,UKK,69928,90795,Newton Abbot,Con,Con,-12,-14,New,Con hold ,
E14000836,"Normanton, Pontefract and Castleford",1,8,YH,UKE,82592,112182,"Normanton, Pontefract and Castleford",Lab,Lab,1,8,Nor,Lab hold ,
E14000837,North Cornwall,-14,-13,SW,UKK,67192,92772,North Cornwall,Con,Con,-13.5,-13,Nor,Con hold ,
E14000838,North Devon,-12,-12,SW,UKK,74737,95440,North Devon,Con,Con,-12,-12,Nor,Con hold ,
E14000839,North Dorset,-7,-12,SW,UKK,73759,98878,North Dorset,Con,Con,-7,-12,Nor,Con hold ,
E14000840,North Durham,-2,14,NE,UKC,65359,88060,North Durham,Lab,Lab,-2,14,Nor,Lab hold ,
E14000841,North East Bedfordshire,4,-2,EA,UKH,83551,114925,North East Bedfordshire,Con,Con,4,-2,Nor,Con hold ,
E14000842,North East Cambridgeshire,6,0,EA,UKH,82990,119024,North East Cambridgeshire,Con,Con,6,0,Nor,Con hold ,
E14000843,North East Derbyshire,-2,3,EM,UKF,71445,91786,North East Derbyshire,Con,Lab,-1.5,3,Nor,Con gain from Lab,
E14000844,North East Hampshire,-3,-9,SE,UKJ,76918,100563,North East Hampshire,Con,Con,-2.5,-9,Nor,Con hold ,
E14000845,North East Hertfordshire,6,-3,EA,UKH,74000,100639,North East Hertfordshire,Con,Con,6.5,-3,Nor,Con hold ,
E14000846,North East Somerset,-6,-10,SW,UKK,69380,93654,North East Somerset,Con,Con,-6,-10,Nor,Con hold ,
E14000847,North Herefordshire,-8,-4,WM,UKG,67926,89604,North Herefordshire,Con,Con,-8,-4,Nor,Con hold ,
E14000848,North Norfolk,6,2,EA,UKH,68867,86991,North Norfolk,LD,LD,6,2,Nor,LD hold ,
E14000849,North Shropshire,-8,0,WM,UKG,78858,109100,North Shropshire,Con,Con,-8,0,Nor,Con hold ,
E14000850,North Somerset,-9,-11,SW,UKK,80161,101910,North Somerset,Con,Con,-8.5,-11,Nor,Con hold ,
E14000851,North Swindon,-5,-7,SW,UKK,80983,112237,North Swindon,Con,Con,-4.5,-7,Nor,Con hold ,
E14000852,North Thanet,13,-10,SE,UKJ,71478,98218,North Thanet,Con,Con,13,-10,Nor,Con hold ,
E14000853,North Tyneside,-1,16,NE,UKC,79300,104399,North Tyneside,Lab,Lab,-1,16,Nor,Lab hold ,
E14000854,North Warwickshire,-1,-1,WM,UKG,70152,92833,North Warwickshire,Con,Con,-0.5,-1,Nor,Con hold ,
E14000855,North West Cambridgeshire,5,-1,EA,UKH,90318,133227,North West Cambridgeshire,Con,Con,5.5,-1,Nor,Con hold ,
E14000856,North West Durham,-3,13,NE,UKC,69816,94105,North West Durham,Lab,Lab,-2.5,13,Nor,Lab hold ,
E14000857,North West Hampshire,-4,-10,SE,UKJ,79223,107227,North West Hampshire,Con,Con,-4,-10,Nor,Con hold ,
E14000858,North West Leicestershire,0,0,EM,UKF,72193,100109,North West Leicestershire,Con,Con,0,0,Nor,Con hold ,
E14000859,North West Norfolk,5,1,EA,UKH,74402,98029,North West Norfolk,Con,Con,5.5,1,Nor,Con hold ,
E14000860,North Wiltshire,-5,-8,SW,UKK,67851,94290,North Wiltshire,Con,Con,-5,-8,Nor,Con hold ,
E14000861,Northampton North,3,-2,EM,UKF,59144,88634,Northampton North,Con,Con,3,-2,Nor,Con hold ,
E14000862,Northampton South,2,-3,EM,UKF,61287,101461,Northampton South,Con,Con,2.5,-3,Nor,Con hold ,
E14000863,Norwich North,7,1,EA,UKH,64515,89235,Norwich North,Con,Con,7.5,1,Nor,Con hold ,
E14000864,Norwich South,8,0,EA,UKH,74875,103284,Norwich South,Lab,Lab,8,0,Nor,Lab hold ,
E14000865,Nottingham East,2,1,EM,UKF,60464,109797,Nottingham East,Lab,Lab,2.5,1,Not,Lab hold ,
E14000866,Nottingham North,2,2,EM,UKF,65918,100690,Nottingham North,Lab,Lab,2,2,Not,Lab hold ,
E14000867,Nottingham South,1,1,EM,UKF,68987,118722,Nottingham South,Lab,Lab,1.5,1,Not,Lab hold ,
E14000868,Nuneaton,0,-2,WM,UKG,68037,93717,Nuneaton,Con,Con,0,-2,Nun,Con hold ,
E14000869,Old Bexley and Sidcup,9,-12,LO,UKI,66035,89400,Old Bexley and Sidcup,Con,Con,9,-12,Old,Con hold ,
E14000870,Oldham East and Saddleworth,-5,7,NW,UKD,71475,105960,Oldham East and Saddleworth,Lab,Lab,-4.5,7,Old,Lab hold ,
E14000871,Oldham West and Royton,-6,7,NW,UKD,71652,107334,Oldham West and Royton,Lab,Lab,-5.5,7,Old,Lab hold ,
E14000872,Orpington,8,-14,LO,UKI,68129,91917,Orpington,Con,Con,8,-14,Orp,Con hold ,
E14000873,Oxford East,0,-5,SE,UKJ,78978,123350,Oxford East,Lab,Lab,0.5,-5,Oxf,Lab hold ,
E14000874,Oxford West and Abingdon,0,-6,SE,UKJ,76174,109678,Oxford West and Abingdon,LD,Con,0,-6,Oxf,LD gain from Con,
E14000875,Pendle,-5,11,NW,UKD,64573,90696,Pendle,Con,Con,-4.5,11,Pen,Con hold ,
E14000876,Penistone and Stocksbridge,-3,6,YH,UKE,70817,89284,Penistone and Stocksbridge,Lab,Lab,-3,6,Pen,Lab hold ,
E14000877,Penrith and The Border,-5,15,NW,UKD,65209,82409,Penrith and The Border,Con,Con,-4.5,15,Pen,Con hold ,
E14000878,Peterborough,5,0,EA,UKH,72530,122987,Peterborough,Lab,Con,5,0,Pet,Lab gain from Con,
E14000879,"Plymouth, Moor View",-14,-15,SW,UKK,68246,93933,"Plymouth, Moor View",Con,Con,-13.5,-15,Ply,Con hold ,
E14000880,"Plymouth, Sutton and Devonport",-14,-16,SW,UKK,73274,114519,"Plymouth, Sutton and Devonport",Lab,Con,-14,-16,Ply,Lab gain from Con,
E14000881,Poole,-9,-13,SW,UKK,72557,98567,Poole,Con,Con,-8.5,-13,Poo,Con hold ,
E14000882,Poplar and Limehouse,8,-10,LO,UKI,82081,161144,Poplar and Limehouse,Lab,Lab,8,-10,Pop,Lab hold ,
E14000883,Portsmouth North,-3,-13,SE,UKJ,73105,100174,Portsmouth North,Con,Con,-2.5,-13,Por,Con hold ,
E14000884,Portsmouth South,-2,-14,SE,UKJ,71639,114544,Portsmouth South,Lab,Con,-2,-14,Por,Lab gain from Con,
E14000885,Preston,-7,11,NW,UKD,59981,96426,Preston,Lab,Lab,-6.5,11,Pre,Lab hold ,
E14000886,Pudsey,-1,10,YH,UKE,70533,91879,Pudsey,Con,Con,-1,10,Pud,Con hold ,
E14000887,Putney,3,-12,LO,UKI,63923,98091,Putney,Con,Con,3,-12,Put,Con hold ,
E14000888,Rayleigh and Wickford,9,-5,EA,UKH,77174,101041,Rayleigh and Wickford,Con,Con,9.5,-5,Ray,Con hold ,
E14000889,Reading East,-3,-7,SE,UKJ,73232,115284,Reading East,Lab,Con,-2.5,-7,Rea,Lab gain from Con,
E14000890,Reading West,-3,-8,SE,UKJ,72567,104157,Reading West,Con,Con,-3,-8,Rea,Con hold ,
E14000891,Redcar,1,13,NE,UKC,64826,87215,Redcar,Lab,Lab,1.5,13,Red,Lab hold ,
E14000892,Redditch,-4,-6,WM,UKG,65531,90889,Redditch,Con,Con,-4,-6,Red,Con hold ,
E14000893,Reigate,2,-14,SE,UKJ,73429,106027,Reigate,Con,Con,2,-14,Rei,Con hold ,
E14000894,Ribble Valley,-3,12,NW,UKD,77379,99620,Ribble Valley,Con,Con,-3,12,Rib,Con hold ,
E14000895,Richmond (Yorks),-3,11,YH,UKE,79062,109492,Richmond (Yorks),Con,Con,-2.5,11,Ric,Con hold ,
E14000896,Richmond Park,1,-12,LO,UKI,77303,125093,Richmond Park,Con,Con,1,-12,Ric,Con hold ,
E14000897,Rochdale,-4,8,NW,UKD,77248,111859,Rochdale,Lab,Lab,-4,8,Roc,Lab hold ,
E14000898,Rochester and Strood,11,-10,SE,UKJ,77119,112916,Rochester and Strood,Con,Con,11,-10,Roc,Con hold ,
E14000899,Rochford and Southend East,10,-5,EA,UKH,71935,105200,Rochford and Southend East,Con,Con,10.5,-5,Roc,Con hold ,
E14000900,Romford,7,-7,LO,UKI,72594,104539,Romford,Con,Con,7.5,-7,Rom,Con hold ,
E14000901,Romsey and Southampton North,-5,-11,SE,UKJ,66519,91141,Romsey and Southampton North,Con,Con,-4.5,-11,Rom,Con hold ,
E14000902,Rossendale and Darwen,-5,9,NW,UKD,73779,98020,Rossendale and Darwen,Con,Con,-4.5,9,Ros,Con hold ,
E14000903,Rother Valley,1,4,YH,UKE,74275,96352,Rother Valley,Lab,Lab,1,4,Rot,Lab hold ,
E14000904,Rotherham,0,5,YH,UKE,63698,91706,Rotherham,Lab,Lab,0.5,5,Rot,Lab hold ,
E14000905,Rugby,0,-3,WM,UKG,71655,102733,Rugby,Con,Con,0.5,-3,Rug,Con hold ,
E14000906,"Ruislip, Northwood and Pinner",1,-7,LO,UKI,73216,97520,"Ruislip, Northwood and Pinner",Con,Con,1.5,-7,Rui,Con hold ,
E14000907,Runnymede and Weybridge,-1,-12,SE,UKJ,73771,108976,Runnymede and Weybridge,Con,Con,-1,-12,Run,Con hold ,
E14000908,Rushcliffe,3,1,EM,UKF,73278,98568,Rushcliffe,Con,Con,3.5,1,Rus,Con hold ,
E14000909,Rutland and Melton,4,2,EM,UKF,79693,104112,Rutland and Melton,Con,Con,4,2,Rut,Con hold ,
E14000910,Saffron Walden,7,-2,EA,UKH,80615,111701,Saffron Walden,Con,Con,7,-2,Saf,Con hold ,
E14000911,Salford and Eccles,-7,5,NW,UKD,74291,117990,Salford and Eccles,Lab,Lab,-6.5,5,Sal,Lab hold ,
E14000912,Salisbury,-6,-11,SW,UKK,69582,96573,Salisbury,Con,Con,-5.5,-11,Sal,Con hold ,
E14000913,Scarborough and Whitby,2,11,YH,UKE,73511,96695,Scarborough and Whitby,Con,Con,2.5,11,Sca,Con hold ,
E14000914,Scunthorpe,2,6,YH,UKE,64025,91641,Scunthorpe,Lab,Lab,2,6,Scu,Lab hold ,
E14000915,Sedgefield,-1,13,NE,UKC,62844,84279,Sedgefield,Lab,Lab,-0.5,13,Sed,Lab hold ,
E14000916,Sefton Central,-9,8,NW,UKD,67744,83315,Sefton Central,Lab,Lab,-9,8,Sef,Lab hold ,
E14000917,Selby and Ainsty,2,8,YH,UKE,76082,101373,Selby and Ainsty,Con,Con,2,8,Sel,Con hold ,
E14000918,Sevenoaks,9,-13,SE,UKJ,71958,96949,Sevenoaks,Con,Con,9.5,-13,Sev,Con hold ,
E14000919,Sheffield Central,-1,4,YH,UKE,72321,130085,Sheffield Central,Lab,Lab,-1,4,She,Lab hold ,
E14000920,Sheffield South East,0,4,YH,UKE,70422,94106,Sheffield South East,Lab,Lab,0,4,She,Lab hold ,
E14000921,"Sheffield, Brightside and Hillsborough",-2,5,YH,UKE,70874,112154,"Sheffield, Brightside and Hillsborough",Lab,Lab,-1.5,5,She,Lab hold ,
E14000922,"Sheffield, Hallam",-3,5,YH,UKE,72351,92386,"Sheffield, Hallam",Lab,LD,-2.5,5,She,Lab gain from LD,
E14000923,"Sheffield, Heeley",-2,4,YH,UKE,67950,94955,"Sheffield, Heeley",Lab,Lab,-2,4,She,Lab hold ,
E14000924,Sherwood,2,3,EM,UKF,73349,100376,Sherwood,Con,Con,2.5,3,She,Con hold ,
E14000925,Shipley,-2,10,YH,UKE,70464,95974,Shipley,Con,Con,-2,10,Shi,Con hold ,
E14000926,Shrewsbury and Atcham,-9,-1,WM,UKG,76400,106407,Shrewsbury and Atcham,Con,Con,-8.5,-1,Shr,Con hold ,
E14000927,Sittingbourne and Sheppey,12,-10,SE,UKJ,76018,117975,Sittingbourne and Sheppey,Con,Con,12,-10,Sit,Con hold ,
E14000928,Skipton and Ripon,-4,11,YH,UKE,76645,99840,Skipton and Ripon,Con,Con,-3.5,11,Ski,Con hold ,
E14000929,Sleaford and North Hykeham,4,4,EM,UKF,87972,118053,Sleaford and North Hykeham,Con,Con,4,4,Sle,Con hold ,
E14000930,Slough,-2,-8,SE,UKJ,86366,142082,Slough,Lab,Lab,-2,-8,Slo,Lab hold ,
E14000931,Solihull,-2,-4,WM,UKG,77956,102258,Solihull,Con,Con,-2,-4,Sol,Con hold ,
E14000932,Somerton and Frome,-8,-11,SW,UKK,83281,106834,Somerton and Frome,Con,Con,-7.5,-11,Som,Con hold ,
E14000933,South Basildon and East Thurrock,9,-7,EA,UKH,71155,100461,South Basildon and East Thurrock,Con,Con,9.5,-7,Sou,Con hold ,
E14000934,South Cambridgeshire,6,-2,EA,UKH,84132,115828,South Cambridgeshire,Con,Con,6,-2,Sou,Con hold ,
E14000935,South Derbyshire,-2,1,EM,UKF,73923,102385,South Derbyshire,Con,Con,-1.5,1,Sou,Con hold ,
E14000936,South Dorset,-9,-15,SW,UKK,71534,93451,South Dorset,Con,Con,-8.5,-15,Sou,Con hold ,
E14000937,South East Cambridgeshire,7,-1,EA,UKH,84570,120504,South East Cambridgeshire,Con,Con,7.5,-1,Sou,Con hold ,
E14000938,South East Cornwall,-14,-14,SW,UKK,71071,89989,South East Cornwall,Con,Con,-14,-14,Sou,Con hold ,
E14000939,South Holland and The Deepings,4,3,EM,UKF,76460,107467,South Holland and The Deepings,Con,Con,4.5,3,Sou,Con hold ,
E14000940,South Leicestershire,1,-2,EM,UKF,76851,105253,South Leicestershire,Con,Con,1,-2,Sou,Con hold ,
E14000941,South Norfolk,9,0,EA,UKH,80721,107778,South Norfolk,Con,Con,9,0,Sou,Con hold ,
E14000942,South Northamptonshire,2,-4,EM,UKF,85781,117338,South Northamptonshire,Con,Con,2,-4,Sou,Con hold ,
E14000943,South Ribble,-8,9,NW,UKD,76489,99596,South Ribble,Con,Con,-7.5,9,Sou,Con hold ,
E14000944,South Shields,0,16,NE,UKC,62730,83621,South Shields,Lab,Lab,0,16,Sou,Lab hold ,
E14000945,South Staffordshire,-6,0,WM,UKG,72771,97353,South Staffordshire,Con,Con,-6,0,Sou,Con hold ,
E14000946,South Suffolk,10,-1,EA,UKH,73836,94900,South Suffolk,Con,Con,10.5,-1,Sou,Con hold ,
E14000947,South Swindon,-4,-8,SW,UKK,73926,108126,South Swindon,Con,Con,-4,-8,Sou,Con hold ,
E14000948,South Thanet,13,-11,SE,UKJ,70970,101730,South Thanet,Con,Con,13.5,-11,Sou,Con hold ,
E14000949,South West Bedfordshire,3,-5,EA,UKH,79285,111581,South West Bedfordshire,Con,Con,3.5,-5,Sou,Con hold ,
E14000950,South West Devon,-13,-14,SW,UKK,71035,89446,South West Devon,Con,Con,-13,-14,Sou,Con hold ,
E14000951,South West Hertfordshire,3,-6,EA,UKH,79668,110191,South West Hertfordshire,Con,Con,3,-6,Sou,Con hold ,
E14000952,South West Norfolk,7,0,EA,UKH,76970,109166,South West Norfolk,Con,Con,7,0,Sou,Con hold ,
E14000953,South West Surrey,-2,-12,SE,UKJ,77548,106199,South West Surrey,Con,Con,-2,-12,Sou,Con hold ,
E14000954,South West Wiltshire,-7,-11,SW,UKK,73018,103010,South West Wiltshire,Con,Con,-6.5,-11,Sou,Con hold ,
E14000955,"Southampton, Itchen",-5,-13,SE,UKJ,72281,110014,"Southampton, Itchen",Con,Con,-4.5,-13,Sou,Con hold ,
E14000956,"Southampton, Test",-5,-12,SE,UKJ,70270,112751,"Southampton, Test",Lab,Lab,-5,-12,Sou,Lab hold ,
E14000957,Southend West,10,-6,EA,UKH,66876,92501,Southend West,Con,Con,10,-6,Sou,Con hold ,
E14000958,Southport,-9,9,NW,UKD,67326,92050,Southport,Con,LD,-8.5,9,Sou,Con gain from LD,
E14000959,Spelthorne,-1,-11,SE,UKJ,71592,99120,Spelthorne,Con,Con,-0.5,-11,Spe,Con hold ,
E14000960,St Albans,6,-5,EA,UKH,75825,103086,St Albans,Con,Con,6.5,-5,St ,Con hold ,
E14000961,St Austell and Newquay,-15,-15,SW,UKK,76607,106443,St Austell and Newquay,Con,Con,-14.5,-15,St ,Con hold ,
E14000962,St Helens North,-9,5,NW,UKD,75262,98708,St Helens North,Lab,Lab,-8.5,5,St ,Lab hold ,
E14000963,St Helens South and Whiston,-9,4,NW,UKD,77720,102854,St Helens South and Whiston,Lab,Lab,-9,4,St ,Lab hold ,
E14000964,St Ives,-16,-16,SW,UKK,65570,87250,St Ives,Con,Con,-16,-16,St ,Con hold ,
E14000965,Stafford,-4,0,WM,UKG,68705,97986,Stafford,Con,Con,-4,0,Sta,Con hold ,
E14000966,Staffordshire Moorlands,-3,2,WM,UKG,63104,78763,Staffordshire Moorlands,Con,Con,-3,2,Sta,Con hold ,
E14000967,Stalybridge and Hyde,-4,6,NW,UKD,71357,94171,Stalybridge and Hyde,Lab,Lab,-4,6,Sta,Lab hold ,
E14000968,Stevenage,6,-4,EA,UKH,70597,98200,Stevenage,Con,Con,6,-4,Ste,Con hold ,
E14000969,Stockport,-5,4,NW,UKD,63931,88745,Stockport,Lab,Lab,-5,4,Sto,Lab hold ,
E14000970,Stockton North,0,13,NE,UKC,66126,92763,Stockton North,Lab,Lab,0.5,13,Sto,Lab hold ,
E14000971,Stockton South,0,12,NE,UKC,75111,103724,Stockton South,Lab,Con,0,12,Sto,Lab gain from Con,
E14000972,Stoke-on-Trent Central,-4,1,WM,UKG,60634,85975,Stoke-On-Trent Central,Lab,Lab,-3.5,1,Sto,Lab hold ,
E14000973,Stoke-on-Trent North,-4,2,WM,UKG,71438,99306,Stoke-On-Trent North,Lab,Lab,-4,2,Sto,Lab hold ,
E14000974,Stoke-on-Trent South,-3,0,WM,UKG,68091,90359,Stoke-On-Trent South,Con,Lab,-3,0,Sto,Con gain from Lab,
E14000975,Stone,-5,0,WM,UKG,67339,85555,Stone,Con,Con,-5,0,Sto,Con hold ,
E14000976,Stourbridge,-5,-4,WM,UKG,69077,90208,Stourbridge,Con,Con,-5,-4,Sto,Con hold ,
E14000977,Stratford-on-Avon,-3,-6,WM,UKG,71304,92178,Stratford-On-Avon,Con,Con,-3,-6,Str,Con hold ,
E14000978,Streatham,4,-13,LO,UKI,79137,123997,Streatham,Lab,Lab,4.5,-13,Str,Lab hold ,
E14000979,Stretford and Urmston,-7,4,NW,UKD,69026,100958,Stretford and Urmston,Lab,Lab,-7,4,Str,Lab hold ,
E14000980,Stroud,-6,-7,SW,UKK,80544,104822,Stroud,Lab,Con,-5.5,-7,Str,Lab gain from Con,
E14000981,Suffolk Coastal,9,1,EA,UKH,77816,102482,Suffolk Coastal,Con,Con,9.5,1,Suf,Con hold ,
E14000982,Sunderland Central,0,15,NE,UKC,72950,101578,Sunderland Central,Lab,Lab,0.5,15,Sun,Lab hold ,
E14000983,Surrey Heath,-1,-10,SE,UKJ,79515,109004,Surrey Heath,Con,Con,-1,-10,Sur,Con hold ,
E14000984,Sutton and Cheam,2,-13,LO,UKI,69228,101463,Sutton and Cheam,Con,Con,2.5,-13,Sut,Con hold ,
E14000985,Sutton Coldfield,-2,-1,WM,UKG,74956,94906,Sutton Coldfield,Con,Con,-1.5,-1,Sut,Con hold ,
E14000986,Tamworth,-1,0,WM,UKG,71913,95401,Tamworth,Con,Con,-1,0,Tam,Con hold ,
E14000987,Tatton,-6,2,NW,UKD,65004,86010,Tatton,Con,Con,-6,2,Tat,Con hold ,
E14000988,Taunton Deane,-10,-13,SW,UKK,83221,117423,Taunton Deane,Con,Con,-9.5,-13,Tau,Con hold ,
E14000989,Telford,-8,-1,WM,UKG,66166,96290,Telford,Con,Con,-7.5,-1,Tel,Con hold ,
E14000990,Tewkesbury,-6,-6,SW,UKK,78910,106198,Tewkesbury,Con,Con,-6,-6,Tew,Con hold ,
E14000991,The Cotswolds,-5,-6,SW,UKK,78290,100817,The Cotswolds,Con,Con,-5,-6,The,Con hold ,
E14000992,The Wrekin,-7,0,WM,UKG,65942,95165,The Wrekin,Con,Con,-7,0,The,Con hold ,
E14000993,Thirsk and Malton,1,11,YH,UKE,77451,100911,Thirsk and Malton,Con,Con,1.5,11,Thi,Con hold ,
E14000994,Thornbury and Yate,-8,-7,SW,UKK,66066,86444,Thornbury and Yate,Con,Con,-7.5,-7,Tho,Con hold ,
E14000995,Thurrock,8,-7,EA,UKH,77559,128157,Thurrock,Con,Con,8.5,-7,Thu,Con hold ,
E14000996,Tiverton and Honiton,-11,-13,SW,UKK,76270,101980,Tiverton and Honiton,Con,Con,-10.5,-13,Tiv,Con hold ,
E14000997,Tonbridge and Malling,10,-12,SE,UKJ,74877,105463,Tonbridge and Malling,Con,Con,10,-12,Ton,Con hold ,
E14000998,Tooting,3,-13,LO,UKI,76782,109451,Tooting,Lab,Lab,3.5,-13,Too,Lab hold ,
E14000999,Torbay,-13,-15,SW,UKK,76350,99901,Torbay,Con,Con,-12.5,-15,Tor,Con hold ,
E14001000,Torridge and West Devon,-13,-12,SW,UKK,78621,101604,Torridge and West Devon,Con,Con,-13,-12,Tor,Con hold ,
E14001001,Totnes,-13,-16,SW,UKK,68630,85858,Totnes,Con,Con,-13,-16,Tot,Con hold ,
E14001002,Tottenham,4,-8,LO,UKI,70803,142569,Tottenham,Lab,Lab,4,-8,Tot,Lab hold ,
E14001003,Truro and Falmouth,-15,-16,SW,UKK,73601,95669,Truro and Falmouth,Con,Con,-15,-16,Tru,Con hold ,
E14001004,Tunbridge Wells,10,-13,SE,UKJ,73429,107914,Tunbridge Wells,Con,Con,10.5,-13,Tun,Con hold ,
E14001005,Twickenham,0,-12,LO,UKI,80250,117932,Twickenham,LD,Con,0,-12,Twi,LD gain from Con,
E14001006,Tynemouth,-1,17,NE,UKC,77524,100074,Tynemouth,Lab,Lab,-0.5,17,Tyn,Lab hold ,
E14001007,Uxbridge and South Ruislip,0,-8,LO,UKI,70631,110148,Uxbridge and South Ruislip,Con,Con,0,-8,Uxb,Con hold ,
E14001008,Vauxhall,5,-12,LO,UKI,82231,122334,Vauxhall,Lab,Lab,5,-12,Vau,Lab hold ,
E14001009,Wakefield,-1,7,YH,UKE,70521,99280,Wakefield,Lab,Lab,-0.5,7,Wak,Lab hold ,
E14001010,Wallasey,-11,3,NW,UKD,65495,90343,Wallasey,Lab,Lab,-10.5,3,Wal,Lab hold ,
E14001011,Walsall North,-6,-1,WM,UKG,67080,99247,Walsall North,Con,Lab,-5.5,-1,Wal,Con gain from Lab,
E14001012,Walsall South,-5,-1,WM,UKG,67743,104514,Walsall South,Lab,Lab,-4.5,-1,Wal,Lab hold ,
E14001013,Walthamstow,5,-8,LO,UKI,67015,117946,Walthamstow,Lab,Lab,5,-8,Wal,Lab hold ,
E14001014,Wansbeck,-3,17,NE,UKC,60705,82231,Wansbeck,Lab,Lab,-2.5,17,Wan,Lab hold ,
E14001015,Wantage,-2,-6,SE,UKJ,82931,117983,Wantage,Con,Con,-2,-6,Wan,Con hold ,
E14001016,Warley,-5,-3,WM,UKG,63738,98304,Warley,Lab,Lab,-4.5,-3,War,Lab hold ,
E14001017,Warrington North,-8,4,NW,UKD,72104,97017,Warrington North,Lab,Lab,-8,4,War,Lab hold ,
E14001018,Warrington South,-8,3,NW,UKD,84767,112687,Warrington South,Lab,Con,-7.5,3,War,Lab gain from Con,
E14001019,Warwick and Leamington,-1,-5,WM,UKG,71578,99849,Warwick and Leamington,Lab,Con,-0.5,-5,War,Lab gain from Con,
E14001020,Washington and Sunderland West,-2,15,NE,UKC,68190,88096,Washington and Sunderland West,Lab,Lab,-1.5,15,Was,Lab hold ,
E14001021,Watford,7,-6,EA,UKH,83535,122153,Watford,Con,Con,7,-6,Wat,Con hold ,
E14001022,Waveney,8,1,EA,UKH,80166,104861,Waveney,Con,Con,8.5,1,Wav,Con hold ,
E14001023,Wealden,11,-13,SE,UKJ,80236,108729,Wealden,Con,Con,11.5,-13,Wea,Con hold ,
E14001024,Weaver Vale,-7,2,NW,UKD,68407,89411,Weaver Vale,Lab,Con,-7,2,Wea,Lab gain from Con,
E14001025,Wellingborough,4,-1,EM,UKF,74317,113099,Wellingborough,Con,Con,4.5,-1,Wel,Con hold ,
E14001026,Wells,-10,-12,SW,UKK,79405,106881,Wells,Con,Con,-10,-12,Wel,Con hold ,
E14001027,Welwyn Hatfield,7,-4,EA,UKH,73247,116869,Welwyn Hatfield,Con,Con,7,-4,Wel,Con hold ,
E14001028,Wentworth and Dearne,-1,5,YH,UKE,74283,98554,Wentworth and Dearne,Lab,Lab,-0.5,5,Wen,Lab hold ,
E14001029,West Bromwich East,-4,-2,WM,UKG,63637,93365,West Bromwich East,Lab,Lab,-4,-2,Wes,Lab hold ,
E14001030,West Bromwich West,-5,-2,WM,UKG,65524,95418,West Bromwich West,Lab,Lab,-5,-2,Wes,Lab hold ,
E14001031,West Dorset,-9,-14,SW,UKK,78000,98090,West Dorset,Con,Con,-9,-14,Wes,Con hold ,
E14001032,West Ham,6,-9,LO,UKI,90640,185200,West Ham,Lab,Lab,6.5,-9,Wes,Lab hold ,
E14001033,West Lancashire,-8,8,NW,UKD,70906,97626,West Lancashire,Lab,Lab,-8,8,Wes,Lab hold ,
E14001034,West Suffolk,8,-1,EA,UKH,76198,121071,West Suffolk,Con,Con,8.5,-1,Wes,Con hold ,
E14001035,West Worcestershire,-7,-4,WM,UKG,73394,95096,West Worcestershire,Con,Con,-7,-4,Wes,Con hold ,
E14001036,Westminster North,3,-11,LO,UKI,62346,129527,Westminster North,Lab,Lab,3.5,-11,Wes,Lab hold ,
E14001037,Westmorland and Lonsdale,-4,13,NW,UKD,65857,84614,Westmorland and Lonsdale,LD,LD,-3.5,13,Wes,LD hold ,
E14001038,Weston-Super-Mare,-9,-12,SW,UKK,80309,110924,Weston-Super-Mare,Con,Con,-9,-12,Wes,Con hold ,
E14001039,Wigan,-7,8,NW,UKD,75990,104158,Wigan,Lab,Lab,-7,8,Wig,Lab hold ,
E14001040,Wimbledon,2,-12,LO,UKI,65853,99220,Wimbledon,Con,Con,2,-12,Wim,Con hold ,
E14001041,Winchester,-4,-11,SE,UKJ,74119,102044,Winchester,Con,Con,-3.5,-11,Win,Con hold ,
E14001042,Windsor,-2,-9,SE,UKJ,71538,105669,Windsor,Con,Con,-1.5,-9,Win,Con hold ,
E14001043,Wirral South,-9,2,NW,UKD,56956,72991,Wirral South,Lab,Lab,-9,2,Wir,Lab hold ,
E14001044,Wirral West,-11,2,NW,UKD,55377,69375,Wirral West,Lab,Lab,-11,2,Wir,Lab hold ,
E14001045,Witham,10,-4,EA,UKH,67090,91545,Witham,Con,Con,10,-4,Wit,Con hold ,
E14001046,Witney,-1,-6,SE,UKJ,79767,109266,Witney,Con,Con,-1,-6,Wit,Con hold ,
E14001047,Woking,-2,-11,SE,UKJ,74269,108197,Woking,Con,Con,-1.5,-11,Wok,Con hold ,
E14001048,Wokingham,-4,-9,SE,UKJ,77881,109445,Wokingham,Con,Con,-3.5,-9,Wok,Con hold ,
E14001049,Wolverhampton North East,-7,-1,WM,UKG,61065,90944,Wolverhampton North East,Lab,Lab,-6.5,-1,Wol,Lab hold ,
E14001050,Wolverhampton South East,-6,-2,WM,UKG,62556,93652,Wolverhampton South East,Lab,Lab,-6,-2,Wol,Lab hold ,
E14001051,Wolverhampton South West,-7,-2,WM,UKG,60368,87774,Wolverhampton South West,Lab,Lab,-7,-2,Wol,Lab hold ,
E14001052,Worcester,-6,-5,WM,UKG,72461,102314,Worcester,Con,Con,-5.5,-5,Wor,Con hold ,
E14001053,Workington,-5,14,NW,UKD,58615,79433,Workington,Lab,Lab,-5,14,Wor,Lab hold ,
E14001054,Worsley and Eccles South,-8,5,NW,UKD,72177,103048,Worsley and Eccles South,Lab,Lab,-7.5,5,Wor,Lab hold ,
E14001055,Worthing West,3,-15,SE,UKJ,75617,98911,Worthing West,Con,Con,3.5,-15,Wor,Con hold ,
E14001056,Wycombe,-1,-7,SE,UKJ,76371,111353,Wycombe,Con,Con,-0.5,-7,Wyc,Con hold ,
E14001057,Wyre and Preston North,-6,11,NW,UKD,70637,89672,Wyre and Preston North,Con,Con,-5.5,11,Wyr,Con hold ,
E14001058,Wyre Forest,-8,-3,WM,UKG,77407,100715,Wyre Forest,Con,Con,-7.5,-3,Wyr,Con hold ,
E14001059,Wythenshawe and Sale East,-6,3,NW,UKD,75994,108336,Wythenshawe and Sale East,Lab,Lab,-5.5,3,Wyt,Lab hold ,
E14001060,Yeovil,-10,-14,SW,UKK,82447,111055,Yeovil,Con,Con,-10,-14,Yeo,Con hold ,
E14001061,York Central,0,11,YH,UKE,75351,111937,York Central,Lab,Lab,0.5,11,Yor,Lab hold ,
E14001062,York Outer,-1,11,YH,UKE,78561,96226,York Outer,Con,Con,-0.5,11,Yor,Con hold ,
N06000001,Belfast East,-14,13,NI,UKN,63157,95193,Belfast East,DUP,,-13.5,13,Bel,DUP gain from ,
N06000002,Belfast North,-14,14,NI,UKN,68553,104231,Belfast North,DUP,,-14,14,Bel,DUP gain from ,
N06000003,Belfast South,-14,12,NI,UKN,64927,114391,Belfast South,DUP,,-14,12,Bel,DUP gain from ,
N06000004,Belfast West,-15,13,NI,UKN,62697,94620,Belfast West,SF,,-14.5,13,Bel,SF gain from ,
N06000005,East Antrim,-14,15,NI,UKN,62811,90196,East Antrim,DUP,,-13.5,15,Eas,DUP gain from ,
N06000006,East Londonderry,-16,15,NI,UKN,66926,101534,East Londonderry,DUP,,-15.5,15,Eas,DUP gain from ,
N06000007,Fermanagh and South Tyrone,-17,13,NI,UKN,70108,107878,Fermanagh and South Tyrone,SF,,-16.5,13,Fer,SF gain from ,
N06000008,Foyle,-17,15,NI,UKN,70036,103075,Foyle,SF,,-16.5,15,Foy,SF gain from ,
N06000009,Lagan Valley,-15,12,NI,UKN,71152,107881,Lagan Valley,DUP,,-15,12,Lag,DUP gain from ,
N06000010,Mid Ulster,-16,14,NI,UKN,67832,103611,Mid Ulster,SF,,-16,14,Mid,SF gain from ,
N06000011,Newry and Armagh,-15,11,NI,UKN,77633,119091,Newry and Armagh,SF,,-14.5,11,New,SF gain from ,
N06000012,North Antrim,-15,15,NI,UKN,75876,111886,North Antrim,DUP,,-14.5,15,Nor,DUP gain from ,
N06000013,North Down,-13,14,NI,UKN,64207,91330,North Down,Ind,,-13,14,Nor,Ind gain from ,
N06000014,South Antrim,-15,14,NI,UKN,67425,102756,South Antrim,DUP,,-15,14,Sou,DUP gain from ,
N06000015,South Down,-13,12,NI,UKN,75220,112809,South Down,SF,,-13,12,Sou,SF gain from ,
N06000016,Strangford,-13,13,NI,UKN,64289,91308,Strangford,DUP,,-12.5,13,Str,DUP gain from ,
N06000017,Upper Bann,-16,12,NI,UKN,80060,126134,Upper Bann,DUP,,-16,12,Upp,DUP gain from ,
N06000018,West Tyrone,-17,14,NI,UKN,63856,92910,West Tyrone,SF,,-17,14,Wes,SF gain from ,
S14000001,Aberdeen North,-4,25,SC,UKM,67745,100606,Aberdeen North,SNP,SNP,-3.5,25,Abe,SNP hold ,
S14000002,Aberdeen South,-3,24,SC,UKM,68056,97610,Aberdeen South,Con,SNP,-3,24,Abe,Con gain from SNP,
S14000003,Airdrie and Shotts,-7,20,SC,UKM,66792,87809,Airdrie and Shotts,SNP,SNP,-7,20,Air,SNP hold ,
S14000004,Angus,-5,23,SC,UKM,65792,86637,Angus,Con,SNP,-4.5,23,Ang,Con gain from SNP,
S14000005,Argyll and Bute,-8,23,SC,UKM,68875,87660,Argyll and Bute,SNP,SNP,-7.5,23,Arg,SNP hold ,
S14000006,"Ayr, Carrick and Cumnock",-8,16,SC,UKM,72995,92472,"Ayr, Carrick and Cumnock",Con,SNP,-8,16,Ayr,Con gain from SNP,
S14000007,Banff and Buchan,-5,24,SC,UKM,68609,92185,Banff and Buchan,Con,SNP,-5,24,Ban,Con gain from SNP,
S14000008,"Berwickshire, Roxburgh and Selkirk",-5,17,SC,UKM,74214,94586,"Berwickshire, Roxburgh and Selkirk",Con,SNP,-4.5,17,Ber,Con gain from SNP,
S14000009,"Caithness, Sutherland and Easter Ross",-6,26,SC,UKM,47558,61311,"Caithness, Sutherland and Easter Ross",LD,SNP,-6,26,Cai,LD gain from SNP,
S14000010,Central Ayrshire,-10,17,SC,UKM,70021,88413,Central Ayrshire,SNP,SNP,-9.5,17,Cen,SNP hold ,
S14000011,"Coatbridge, Chryston and Bellshill",-8,20,SC,UKM,73894,96764,"Coatbridge, Chryston and Bellshill",Lab,SNP,-8,20,Coa,Lab gain from SNP,
S14000012,"Cumbernauld, Kilsyth and Kirkintilloch East",-8,21,SC,UKM,67088,85602,"Cumbernauld, Kilsyth and Kirkintilloch East",SNP,SNP,-7.5,21,Cum,SNP hold ,
S14000013,Dumfries and Galloway,-6,16,SC,UKM,75249,94932,Dumfries and Galloway,Con,SNP,-6,16,Dum,Con gain from SNP,
S14000014,"Dumfriesshire, Clydesdale and Tweeddale",-5,16,SC,UKM,68483,86993,"Dumfriesshire, Clydesdale and Tweeddale",Con,Con,-5,16,Dum,Con hold ,
S14000015,Dundee East,-5,22,SC,UKM,67822,90377,Dundee East,SNP,SNP,-5,22,Dun,SNP hold ,
S14000016,Dundee West,-6,23,SC,UKM,65927,87906,Dundee West,SNP,SNP,-5.5,23,Dun,SNP hold ,
S14000017,Dunfermline and West Fife,-6,21,SC,UKM,78037,99724,Dunfermline and West Fife,SNP,SNP,-5.5,21,Dun,SNP hold ,
S14000018,East Dunbartonshire,-8,22,SC,UKM,66966,82662,East Dunbartonshire,LD,SNP,-8,22,Eas,LD gain from SNP,
S14000019,"East Kilbride, Strathaven and Lesmahagow",-8,17,SC,UKM,83205,99275,"East Kilbride, Strathaven and Lesmahagow",SNP,SNP,-7.5,17,Eas,SNP hold ,
S14000020,East Lothian,-4,18,SC,UKM,79481,102050,East Lothian,Lab,SNP,-4,18,Eas,Lab gain from SNP,
S14000021,East Renfrewshire,-10,18,SC,UKM,69982,92380,East Renfrewshire,Con,SNP,-10,18,Eas,Con gain from SNP,
S14000022,Edinburgh East,-5,19,SC,UKM,67141,96872,Edinburgh East,SNP,SNP,-4.5,19,Edi,SNP hold ,
S14000023,Edinburgh North and Leith,-6,19,SC,UKM,80910,111065,Edinburgh North and Leith,SNP,SNP,-5.5,19,Edi,SNP hold ,
S14000024,Edinburgh South,-5,18,SC,UKM,65801,88728,Edinburgh South,Lab,Lab,-5,18,Edi,Lab hold ,
S14000025,Edinburgh South West,-6,18,SC,UKM,72149,101284,Edinburgh South West,SNP,SNP,-6,18,Edi,SNP hold ,
S14000026,Edinburgh West,-7,19,SC,UKM,71717,94731,Edinburgh West,LD,SNP,-6.5,19,Edi,LD gain from SNP,
S14000027,Na h-Eileanan an Iar,-8,26,SC,UKM,21769,27250,Na h-Eileanan An Iar,SNP,SNP,-8,26,Na ,SNP hold ,
S14000028,Falkirk,-7,21,SC,UKM,83380,111872,Falkirk,SNP,SNP,-6.5,21,Fal,SNP hold ,
S14000029,Glasgow Central,-9,19,SC,UKM,70945,91166,Glasgow Central,SNP,SNP,-8.5,19,Gla,SNP hold ,
S14000030,Glasgow East,-8,18,SC,UKM,70378,89140,Glasgow East,SNP,SNP,-8,18,Gla,SNP hold ,
S14000031,Glasgow North,-9,20,SC,UKM,60169,71997,Glasgow North,SNP,SNP,-9,20,Gla,SNP hold ,
S14000032,Glasgow North East,-9,21,SC,UKM,66678,85826,Glasgow North East,Lab,SNP,-8.5,21,Gla,Lab gain from SNP,
S14000033,Glasgow North West,-10,21,SC,UKM,68418,87060,Glasgow North West,SNP,SNP,-9.5,21,Gla,SNP hold ,
S14000034,Glasgow South,-9,18,SC,UKM,74051,88617,Glasgow South,SNP,SNP,-9,18,Gla,SNP hold ,
S14000035,Glasgow South West,-10,19,SC,UKM,66209,85844,Glasgow South West,SNP,SNP,-9.5,19,Gla,SNP hold ,
S14000036,Glenrothes,-4,22,SC,UKM,69781,89042,Glenrothes,SNP,SNP,-4,22,Gle,SNP hold ,
S14000037,Gordon,-5,25,SC,UKM,79393,102856,Gordon,Con,SNP,-4.5,25,Gor,Con gain from SNP,
S14000038,Inverclyde,-11,21,SC,UKM,59350,79860,Inverclyde,SNP,SNP,-10.5,21,Inv,SNP hold ,
S14000039,"Inverness, Nairn, Badenoch and Strathspey",-7,25,SC,UKM,77628,103356,"Inverness, Nairn, Badenoch and Strathspey",SNP,SNP,-6.5,25,Inv,SNP hold ,
S14000040,Kilmarnock and Loudoun,-7,16,SC,UKM,75250,96159,Kilmarnock and Loudoun,SNP,SNP,-7,16,Kil,SNP hold ,
S14000041,Kirkcaldy and Cowdenbeath,-5,21,SC,UKM,75941,97838,Kirkcaldy and Cowdenbeath,Lab,SNP,-4.5,21,Kir,Lab gain from SNP,
S14000042,Lanark and Hamilton East,-7,17,SC,UKM,79962,98138,Lanark and Hamilton East,SNP,SNP,-6.5,17,Lan,SNP hold ,
S14000043,Linlithgow and East Falkirk,-6,20,SC,UKM,86955,114250,Linlithgow and East Falkirk,SNP,SNP,-6,20,Lin,SNP hold ,
S14000044,Livingston,-7,18,SC,UKM,82373,108668,Livingston,SNP,SNP,-7,18,Liv,SNP hold ,
S14000045,Midlothian,-6,17,SC,UKM,67875,86210,Midlothian,Lab,SNP,-5.5,17,Mid,Lab gain from SNP,
S14000046,Moray,-6,24,SC,UKM,71685,94750,Moray,Con,SNP,-6,24,Mor,Con gain from SNP,
S14000047,Motherwell and Wishaw,-8,19,SC,UKM,70283,91843,Motherwell and Wishaw,SNP,SNP,-7.5,19,Mot,SNP hold ,
S14000048,North Ayrshire and Arran,-11,18,SC,UKM,75791,94066,North Ayrshire and Arran,SNP,SNP,-11,18,Nor,SNP hold ,
S14000049,North East Fife,-4,23,SC,UKM,62003,80656,North East Fife,SNP,SNP,-3.5,23,Nor,SNP hold ,
S14000050,Ochil and South Perthshire,-6,22,SC,UKM,77370,101185,Ochil and South Perthshire,Con,SNP,-6,22,Och,Con gain from SNP,
S14000051,Orkney and Shetland,-5,28,SC,UKM,34552,44820,Orkney and Shetland,LD,LD,-5,28,Ork,LD hold ,
S14000052,Paisley and Renfrewshire North,-10,20,SC,UKM,66206,88981,Paisley and Renfrewshire North,SNP,SNP,-10,20,Pai,SNP hold ,
S14000053,Paisley and Renfrewshire South,-11,19,SC,UKM,61281,85249,Paisley and Renfrewshire South,SNP,SNP,-10.5,19,Pai,SNP hold ,
S14000054,Perth and North Perthshire,-7,23,SC,UKM,72459,98885,Perth and North Perthshire,SNP,SNP,-6.5,23,Per,SNP hold ,
S14000055,"Ross, Skye and Lochaber",-7,24,SC,UKM,54169,68433,"Ross, Skye and Lochaber",SNP,SNP,-7,24,Ros,SNP hold ,
S14000056,Rutherglen and Hamilton West,-9,17,SC,UKM,82830,105406,Rutherglen and Hamilton West,Lab,SNP,-8.5,17,Rut,Lab gain from SNP,
S14000057,Stirling,-7,22,SC,UKM,67236,91580,Stirling,Con,SNP,-7,22,Sti,Con gain from SNP,
S14000058,West Aberdeenshire and Kincardine,-4,24,SC,UKM,73445,96233,West Aberdeenshire and Kincardine,Con,SNP,-4,24,Wes,Con gain from SNP,
S14000059,West Dunbartonshire,-9,22,SC,UKM,69208,89730,West Dunbartonshire,SNP,SNP,-9,22,Wes,SNP hold ,
W07000041,Ynys Mn,-14,1,WA,UKL,49939,69794,Ynys Mon,Lab,Lab,-13.5,1,Yny,Lab hold ,
W07000042,Delyn,-11,1,WA,UKL,53639,69801,Delyn,Lab,Lab,-10.5,1,Del,Lab hold ,
W07000043,Alyn and Deeside,-10,1,WA,UKL,62016,85354,Alyn and Deeside,Lab,Lab,-9.5,1,Aly,Lab hold ,
W07000044,Wrexham,-9,0,WA,UKL,50992,70655,Wrexham,Lab,Lab,-9,0,Wre,Lab hold ,
W07000045,Llanelli,-14,-8,WA,UKL,59314,82826,Llanelli,Lab,Lab,-14,-8,Lla,Lab hold ,
W07000046,Gower,-14,-9,WA,UKL,61820,79176,Gower,Lab,Con,-13.5,-9,Gow,Lab gain from Con,
W07000047,Swansea West,-13,-8,WA,UKL,58776,83573,Swansea West,Lab,Lab,-13,-8,Swa,Lab hold ,
W07000048,Swansea East,-13,-7,WA,UKL,58011,82731,Swansea East,Lab,Lab,-12.5,-7,Swa,Lab hold ,
W07000049,Aberavon,-12,-8,WA,UKL,49821,68203,Aberavon,Lab,Lab,-12,-8,Abe,Lab hold ,
W07000050,Cardiff Central,-9,-8,WA,UKL,57456,93276,Cardiff Central,Lab,Lab,-9,-8,Car,Lab hold ,
W07000051,Cardiff North,-10,-7,WA,UKL,67196,90507,Cardiff North,Lab,Con,-9.5,-7,Car,Lab gain from Con,
W07000052,Rhondda,-11,-6,WA,UKL,51811,69278,Rhondda,Lab,Lab,-11,-6,Rho,Lab hold ,
W07000053,Torfaen,-9,-5,WA,UKL,61896,82378,Torfaen,Lab,Lab,-8.5,-5,Tor,Lab hold ,
W07000054,Monmouth,-8,-5,WA,UKL,62248,85613,Monmouth,Con,Con,-7.5,-5,Mon,Con hold ,
W07000055,Newport East,-8,-6,WA,UKL,56015,81090,Newport East,Lab,Lab,-8,-6,New,Lab hold ,
W07000056,Newport West,-9,-7,WA,UKL,62137,88258,Newport West,Lab,Lab,-8.5,-7,New,Lab hold ,
W07000057,Arfon,-13,-1,WA,UKL,40492,62304,Arfon,PC,PC,-12.5,-1,Arf,PC hold ,
W07000058,Aberconwy,-12,0,WA,UKL,45525,58941,Aberconwy,Con,Con,-12,0,Abe,Con hold ,
W07000059,Clwyd West,-11,0,WA,UKL,58644,73371,Clwyd West,Con,Con,-11,0,Clw,Con hold ,
W07000060,Vale of Clwyd,-10,0,WA,UKL,56505,72026,Vale Of Clwyd,Lab,Con,-10,0,Val,Lab gain from Con,
W07000061,Dwyfor Meirionnydd,-12,-1,WA,UKL,44394,61438,Dwyfor Meirionnydd,PC,PC,-11.5,-1,Dwy,PC hold ,
W07000062,Clwyd South,-10,-1,WA,UKL,54996,72600,Clwyd South,Lab,Lab,-9.5,-1,Clw,Lab hold ,
W07000063,Montgomeryshire,-11,-1,WA,UKL,48690,63271,Montgomeryshire,Con,Con,-10.5,-1,Mon,Con hold ,
W07000064,Ceredigion,-12,-6,WA,UKL,54242,73076,Ceredigion,PC,LD,-12,-6,Cer,PC gain from LD,
W07000065,Preseli Pembrokeshire,-15,-7,WA,UKL,57291,78902,Preseli Pembrokeshire,Con,Con,-14.5,-7,Pre,Con hold ,
W07000066,Carmarthen West and South Pembrokeshire,-15,-8,WA,UKL,57755,77544,Carmarthen West and South Pembrokeshire,Con,Con,-15,-8,Car,Con hold ,
W07000067,Carmarthen East and Dinefwr,-14,-7,WA,UKL,55750,71891,Carmarthen East and Dinefwr,PC,PC,-13.5,-7,Car,PC hold ,
W07000068,Brecon and Radnorshire,-9,-2,WA,UKL,54441,69244,Brecon and Radnorshire,Con,Con,-9,-2,Bre,Con hold ,
W07000069,Neath,-12,-7,WA,UKL,56097,73887,Neath,Lab,Lab,-11.5,-7,Nea,Lab hold ,
W07000070,Cynon Valley,-10,-5,WA,UKL,51422,70673,Cynon Valley,Lab,Lab,-9.5,-5,Cyn,Lab hold ,
W07000071,Merthyr Tydfil and Rhymney,-9,-4,WA,UKL,61716,76168,Merthyr Tydfil and Rhymney,Lab,Lab,-9,-4,Mer,Lab hold ,
W07000072,Blaenau Gwent,-9,-3,WA,UKL,51335,69609,Blaenau Gwent,Lab,Lab,-8.5,-3,Bla,Lab hold ,
W07000073,Bridgend,-12,-9,WA,UKL,59998,83796,Bridgend,Lab,Lab,-11.5,-9,Bri,Lab hold ,
W07000074,Ogmore,-11,-8,WA,UKL,55572,77515,Ogmore,Lab,Lab,-11,-8,Ogm,Lab hold ,
W07000075,Pontypridd,-11,-7,WA,UKL,58940,82153,Pontypridd,Lab,Lab,-10.5,-7,Pon,Lab hold ,
W07000076,Caerphilly,-10,-6,WA,UKL,63603,88129,Caerphilly,Lab,Lab,-10,-6,Cae,Lab hold ,
W07000077,Islwyn,-9,-6,WA,UKL,55697,76451,Islwyn,Lab,Lab,-9,-6,Isl,Lab hold ,
W07000078,Vale of Glamorgan,-11,-9,WA,UKL,72794,100945,Vale Of Glamorgan,Con,Con,-10.5,-9,Val,Con hold ,
W07000079,Cardiff West,-10,-8,WA,UKL,66762,93312,Cardiff West,Lab,Lab,-10,-8,Car,Lab hold ,
W07000080,Cardiff South and Penarth,-10,-9,WA,UKL,76006,115406,Cardiff South and Penarth,Lab,Lab,-9.5,-9,Car,Lab hold ,
